CompetitionName,CompetitionPK,TeamName,TeamPK
2018 East Fremantle Year 3 North,2018_east_fremantle_year_3_north,Applecross Mount Pleasant JFC Yr 3 Brown,applecross_mount_pleasant_jfc_yr_3_brown
2018 East Fremantle Year 3 North,2018_east_fremantle_year_3_north,Applecross Mount Pleasant JFC Yr 3 Gold,applecross_mount_pleasant_jfc_yr_3_gold
2018 East Fremantle Year 3 North,2018_east_fremantle_year_3_north,Booragoon JFC Yr 3 Red,booragoon_jfc_yr_3_red
2018 East Fremantle Year 3 North,2018_east_fremantle_year_3_north,Booragoon JFC Yr 3 White,booragoon_jfc_yr_3_white
2018 East Fremantle Year 3 North,2018_east_fremantle_year_3_north,Bullcreek Leeming JFC Yr 3 Eagles,bullcreek_leeming_jfc_yr_3_eagles
2018 East Fremantle Year 3 North,2018_east_fremantle_year_3_north,Canning Vale JFC Yr 3 Teal,canning_vale_jfc_yr_3_teal
2018 East Fremantle Year 3 North,2018_east_fremantle_year_3_north,Canning Vale JFC Yr 3 White,canning_vale_jfc_yr_3_white
2018 East Fremantle Year 3 North,2018_east_fremantle_year_3_north,East Fremantle JFC Yr 3 White,east_fremantle_jfc_yr_3_white
2018 East Fremantle Year 3 North,2018_east_fremantle_year_3_north,Melville JFC Yr 3 Green,melville_jfc_yr_3_green
2018 East Fremantle Year 3 North,2018_east_fremantle_year_3_north,Piara Waters JFC Yr 3 White,piara_waters_jfc_yr_3_white
2018 East Fremantle Year 3 North,2018_east_fremantle_year_3_north,Rossmoyne JFC Yr 3,rossmoyne_jfc_yr_3
2018 East Fremantle Year 3 North,2018_east_fremantle_year_3_north,Willetton JFC Yr 3 Navy,willetton_jfc_yr_3_navy
2018 East Fremantle Year 3 North,2018_east_fremantle_year_3_north,Winnacott JFC Yr 3 Lions,winnacott_jfc_yr_3_lions
2018 East Fremantle Year 3 South,2018_east_fremantle_year_3_south,Applecross Mount Pleasant JFC Yr 3 Brown,applecross_mount_pleasant_jfc_yr_3_brown
2018 East Fremantle Year 3 South,2018_east_fremantle_year_3_south,Applecross Mount Pleasant JFC Yr 3 Gold,applecross_mount_pleasant_jfc_yr_3_gold
2018 East Fremantle Year 3 South,2018_east_fremantle_year_3_south,Attadale JFC Yr 3 Black,attadale_jfc_yr_3_black
2018 East Fremantle Year 3 South,2018_east_fremantle_year_3_south,Attadale JFC Yr 3 Red,attadale_jfc_yr_3_red
2018 East Fremantle Year 3 South,2018_east_fremantle_year_3_south,Booragoon JFC Yr 3 Blue,booragoon_jfc_yr_3_blue
2018 East Fremantle Year 3 South,2018_east_fremantle_year_3_south,Booragoon JFC Yr 3 Red,booragoon_jfc_yr_3_red
2018 East Fremantle Year 3 South,2018_east_fremantle_year_3_south,Bullcreek Leeming JFC Yr 3 Sharks,bullcreek_leeming_jfc_yr_3_sharks
2018 East Fremantle Year 3 South,2018_east_fremantle_year_3_south,Canning Vale JFC Yr 3 White,canning_vale_jfc_yr_3_white
2018 East Fremantle Year 3 South,2018_east_fremantle_year_3_south,East Fremantle JFC Yr 3 Blue,east_fremantle_jfc_yr_3_blue
2018 East Fremantle Year 3 South,2018_east_fremantle_year_3_south,East Fremantle JFC Yr 3 White,east_fremantle_jfc_yr_3_white
2018 East Fremantle Year 3 South,2018_east_fremantle_year_3_south,Palmyra JFC Yr 3,palmyra_jfc_yr_3
2018 East Fremantle Year 3 South,2018_east_fremantle_year_3_south,Piara Waters JFC Yr 3 Grey,piara_waters_jfc_yr_3_grey
2018 East Fremantle Year 3 South,2018_east_fremantle_year_3_south,Riverton JFC Yr 3,riverton_jfc_yr_3
2018 East Fremantle Year 3 South,2018_east_fremantle_year_3_south,Rossmoyne JFC Yr 3,rossmoyne_jfc_yr_3
2018 East Fremantle Year 3 South,2018_east_fremantle_year_3_south,Willetton JFC Yr 3 Blue,willetton_jfc_yr_3_blue
2018 East Fremantle Year 3 South,2018_east_fremantle_year_3_south,Willetton JFC Yr 3 Navy,willetton_jfc_yr_3_navy
2018 East Fremantle Year 3 West,2018_east_fremantle_year_3_west,Attadale JFC Yr 3 Black,attadale_jfc_yr_3_black
2018 East Fremantle Year 3 West,2018_east_fremantle_year_3_west,Booragoon JFC Yr 3 Blue,booragoon_jfc_yr_3_blue
2018 East Fremantle Year 3 West,2018_east_fremantle_year_3_west,Bullcreek Leeming JFC Yr 3 Bulls,bullcreek_leeming_jfc_yr_3_bulls
2018 East Fremantle Year 3 West,2018_east_fremantle_year_3_west,Bullcreek Leeming JFC Yr 3 Sharks,bullcreek_leeming_jfc_yr_3_sharks
2018 East Fremantle Year 3 West,2018_east_fremantle_year_3_west,Canning Vale JFC Yr 3 Black,canning_vale_jfc_yr_3_black
2018 East Fremantle Year 3 West,2018_east_fremantle_year_3_west,East Fremantle JFC Yr 3 Purple,east_fremantle_jfc_yr_3_purple
2018 East Fremantle Year 3 West,2018_east_fremantle_year_3_west,Melville JFC Yr 3 Gold,melville_jfc_yr_3_gold
2018 East Fremantle Year 3 West,2018_east_fremantle_year_3_west,Piara Waters JFC Yr 3 Orange,piara_waters_jfc_yr_3_orange
2018 East Fremantle Year 3 West,2018_east_fremantle_year_3_west,Riverton JFC Yr 3,riverton_jfc_yr_3
2018 East Fremantle Year 3 West,2018_east_fremantle_year_3_west,Rostrata Year 3,rostrata_year_3
2018 East Fremantle Year 3 West,2018_east_fremantle_year_3_west,Willetton JFC Yr 3 Blue,willetton_jfc_yr_3_blue
2018 East Fremantle Year 3 West,2018_east_fremantle_year_3_west,Winnacott JFC Yr 3 Tigers,winnacott_jfc_yr_3_tigers
2018 East Fremantle Year 4 North,2018_east_fremantle_year_4_north,Attadale JFC Yr 4 Black,attadale_jfc_yr_4_black
2018 East Fremantle Year 4 North,2018_east_fremantle_year_4_north,Booragoon JFC Yr 4 Red,booragoon_jfc_yr_4_red
2018 East Fremantle Year 4 North,2018_east_fremantle_year_4_north,Canning Vale JFC Yr 4 Black,canning_vale_jfc_yr_4_black
2018 East Fremantle Year 4 North,2018_east_fremantle_year_4_north,East Fremantle JFC Yr 4 Purple,east_fremantle_jfc_yr_4_purple
2018 East Fremantle Year 4 North,2018_east_fremantle_year_4_north,East Fremantle JFC Yr 4 White,east_fremantle_jfc_yr_4_white
2018 East Fremantle Year 4 North,2018_east_fremantle_year_4_north,Melville JFC Yr 4 Green,melville_jfc_yr_4_green
2018 East Fremantle Year 4 North,2018_east_fremantle_year_4_north,Palmyra JFC Yr 4,palmyra_jfc_yr_4
2018 East Fremantle Year 4 North,2018_east_fremantle_year_4_north,Rossmoyne JFC Yr 4,rossmoyne_jfc_yr_4
2018 East Fremantle Year 4 North,2018_east_fremantle_year_4_north,Willetton JFC Yr 4,willetton_jfc_yr_4
2018 East Fremantle Year 4 South,2018_east_fremantle_year_4_south,Applecross Mount Pleasant JFC Yr 4 Brown,applecross_mount_pleasant_jfc_yr_4_brown
2018 East Fremantle Year 4 South,2018_east_fremantle_year_4_south,Applecross Mount Pleasant JFC Yr 4 Gold,applecross_mount_pleasant_jfc_yr_4_gold
2018 East Fremantle Year 4 South,2018_east_fremantle_year_4_south,Bullcreek Leeming JFC Yr 4,bullcreek_leeming_jfc_yr_4
2018 East Fremantle Year 4 South,2018_east_fremantle_year_4_south,Canning Vale JFC Yr 4 Teal,canning_vale_jfc_yr_4_teal
2018 East Fremantle Year 4 South,2018_east_fremantle_year_4_south,East Fremantle JFC Yr 4 Blue,east_fremantle_jfc_yr_4_blue
2018 East Fremantle Year 4 South,2018_east_fremantle_year_4_south,East Fremantle JFC Yr 4 Purple,east_fremantle_jfc_yr_4_purple
2018 East Fremantle Year 4 South,2018_east_fremantle_year_4_south,Melville JFC Yr 4 Gold,melville_jfc_yr_4_gold
2018 East Fremantle Year 4 South,2018_east_fremantle_year_4_south,Palmyra JFC Yr 4,palmyra_jfc_yr_4
2018 East Fremantle Year 4 South,2018_east_fremantle_year_4_south,Piara Waters JFC Yr 4 Grey,piara_waters_jfc_yr_4_grey
2018 East Fremantle Year 4 South,2018_east_fremantle_year_4_south,Rostrata Year 4,rostrata_year_4
2018 East Fremantle Year 4 West,2018_east_fremantle_year_4_west,Attadale JFC Yr 4 Red,attadale_jfc_yr_4_red
2018 East Fremantle Year 4 West,2018_east_fremantle_year_4_west,Booragoon JFC Yr 4 Blue,booragoon_jfc_yr_4_blue
2018 East Fremantle Year 4 West,2018_east_fremantle_year_4_west,Bullcreek Leeming JFC Yr 4,bullcreek_leeming_jfc_yr_4
2018 East Fremantle Year 4 West,2018_east_fremantle_year_4_west,Canning Vale JFC Yr 4 Blue,canning_vale_jfc_yr_4_blue
2018 East Fremantle Year 4 West,2018_east_fremantle_year_4_west,Canning Vale JFC Yr 4 White,canning_vale_jfc_yr_4_white
2018 East Fremantle Year 4 West,2018_east_fremantle_year_4_west,East Fremantle JFC Yr 4 Blue,east_fremantle_jfc_yr_4_blue
2018 East Fremantle Year 4 West,2018_east_fremantle_year_4_west,Melville JFC Yr 4 Gold,melville_jfc_yr_4_gold
2018 East Fremantle Year 4 West,2018_east_fremantle_year_4_west,Piara Waters JFC Yr 4 Orange,piara_waters_jfc_yr_4_orange
2018 East Fremantle Year 4 West,2018_east_fremantle_year_4_west,Winnacott JFC Yr 4,winnacott_jfc_yr_4
2018 East Fremantle Year 5 North,2018_east_fremantle_year_5_north,Applecross Mount Pleasant JFC Yr 5 Gold,applecross_mount_pleasant_jfc_yr_5_gold
2018 East Fremantle Year 5 North,2018_east_fremantle_year_5_north,Attadale JFC Yr 5 Black,attadale_jfc_yr_5_black
2018 East Fremantle Year 5 North,2018_east_fremantle_year_5_north,Booragoon JFC Yr 5 Blue,booragoon_jfc_yr_5_blue
2018 East Fremantle Year 5 North,2018_east_fremantle_year_5_north,Booragoon JFC Yr 5 White,booragoon_jfc_yr_5_white
2018 East Fremantle Year 5 North,2018_east_fremantle_year_5_north,Bullcreek Leeming JFC Yr 5 Bulls,bullcreek_leeming_jfc_yr_5_bulls
2018 East Fremantle Year 5 North,2018_east_fremantle_year_5_north,Bullcreek Leeming JFC Yr 5 Sharks,bullcreek_leeming_jfc_yr_5_sharks
2018 East Fremantle Year 5 North,2018_east_fremantle_year_5_north,East Fremantle JFC Yr 5 White,east_fremantle_jfc_yr_5_white
2018 East Fremantle Year 5 North,2018_east_fremantle_year_5_north,Palmyra JFC Yr 5 Blue,palmyra_jfc_yr_5_blue
2018 East Fremantle Year 5 North,2018_east_fremantle_year_5_north,Palmyra JFC Yr 5 Red,palmyra_jfc_yr_5_red
2018 East Fremantle Year 5 North,2018_east_fremantle_year_5_north,Willetton JFC Yr 5,willetton_jfc_yr_5
2018 East Fremantle Year 5 South,2018_east_fremantle_year_5_south,Booragoon JFC Yr 5 Blue,booragoon_jfc_yr_5_blue
2018 East Fremantle Year 5 South,2018_east_fremantle_year_5_south,Bullcreek Leeming JFC Yr 5 Bulls,bullcreek_leeming_jfc_yr_5_bulls
2018 East Fremantle Year 5 South,2018_east_fremantle_year_5_south,Canning Vale JFC Yr 5 Black,canning_vale_jfc_yr_5_black
2018 East Fremantle Year 5 South,2018_east_fremantle_year_5_south,Canning Vale JFC Yr 5 Teal,canning_vale_jfc_yr_5_teal
2018 East Fremantle Year 5 South,2018_east_fremantle_year_5_south,East Fremantle JFC Yr 5 Blue,east_fremantle_jfc_yr_5_blue
2018 East Fremantle Year 5 South,2018_east_fremantle_year_5_south,East Fremantle JFC Yr 5 Red,east_fremantle_jfc_yr_5_red
2018 East Fremantle Year 5 South,2018_east_fremantle_year_5_south,East Fremantle JFC Yr 5 White,east_fremantle_jfc_yr_5_white
2018 East Fremantle Year 5 South,2018_east_fremantle_year_5_south,Piara Waters JFC Yr 5,piara_waters_jfc_yr_5
2018 East Fremantle Year 5 South,2018_east_fremantle_year_5_south,Riverton JFC Yr 5,riverton_jfc_yr_5
2018 East Fremantle Year 5 South,2018_east_fremantle_year_5_south,Rossmoyne JFC Yr 5,rossmoyne_jfc_yr_5
2018 East Fremantle Year 5 South,2018_east_fremantle_year_5_south,Willetton JFC Yr 5,willetton_jfc_yr_5
2018 East Fremantle Year 5 South,2018_east_fremantle_year_5_south,Winnacott JFC Yr 5 Tigers,winnacott_jfc_yr_5_tigers
2018 East Fremantle Year 5 West,2018_east_fremantle_year_5_west,Applecross Mount Pleasant JFC Yr 5 Brown,applecross_mount_pleasant_jfc_yr_5_brown
2018 East Fremantle Year 5 West,2018_east_fremantle_year_5_west,Attadale JFC Yr 5 Red,attadale_jfc_yr_5_red
2018 East Fremantle Year 5 West,2018_east_fremantle_year_5_west,Canning Vale JFC Yr 5 White,canning_vale_jfc_yr_5_white
2018 East Fremantle Year 5 West,2018_east_fremantle_year_5_west,East Fremantle JFC Yr 5 Blue,east_fremantle_jfc_yr_5_blue
2018 East Fremantle Year 5 West,2018_east_fremantle_year_5_west,East Fremantle JFC Yr 5 Red,east_fremantle_jfc_yr_5_red
2018 East Fremantle Year 5 West,2018_east_fremantle_year_5_west,Melville JFC Yr 5 Gold,melville_jfc_yr_5_gold
2018 East Fremantle Year 5 West,2018_east_fremantle_year_5_west,Melville JFC Yr 5 Green,melville_jfc_yr_5_green
2018 East Fremantle Year 5 West,2018_east_fremantle_year_5_west,Riverton JFC Yr 5,riverton_jfc_yr_5
2018 East Fremantle Year 5 West,2018_east_fremantle_year_5_west,Rossmoyne JFC Yr 5,rossmoyne_jfc_yr_5
2018 East Fremantle Year 5 West,2018_east_fremantle_year_5_west,Winnacott JFC Yr 5 Panthers,winnacott_jfc_yr_5_panthers
2018 East Fremantle Year 6 North,2018_east_fremantle_year_6_north,Applecross Mount Pleasant JFC Yr 6 Brown,applecross_mount_pleasant_jfc_yr_6_brown
2018 East Fremantle Year 6 North,2018_east_fremantle_year_6_north,Booragoon JFC Yr 6 Blue,booragoon_jfc_yr_6_blue
2018 East Fremantle Year 6 North,2018_east_fremantle_year_6_north,Booragoon JFC Yr 6 White,booragoon_jfc_yr_6_white
2018 East Fremantle Year 6 North,2018_east_fremantle_year_6_north,Bullcreek Leeming JFC Yr 6,bullcreek_leeming_jfc_yr_6
2018 East Fremantle Year 6 North,2018_east_fremantle_year_6_north,Canning Vale JFC Yr 6 Black,canning_vale_jfc_yr_6_black
2018 East Fremantle Year 6 North,2018_east_fremantle_year_6_north,Canning Vale JFC Yr 6 Teal,canning_vale_jfc_yr_6_teal
2018 East Fremantle Year 6 North,2018_east_fremantle_year_6_north,East Fremantle JFC Yr 6 Blue,east_fremantle_jfc_yr_6_blue
2018 East Fremantle Year 6 North,2018_east_fremantle_year_6_north,East Fremantle JFC Yr 6 White,east_fremantle_jfc_yr_6_white
2018 East Fremantle Year 6 North,2018_east_fremantle_year_6_north,Melville JFC Yr 6,melville_jfc_yr_6
2018 East Fremantle Year 6 North,2018_east_fremantle_year_6_north,Palmyra JFC Yr 6,palmyra_jfc_yr_6
2018 East Fremantle Year 6 North,2018_east_fremantle_year_6_north,Piara Waters JFC Yr 6,piara_waters_jfc_yr_6
2018 East Fremantle Year 6 North,2018_east_fremantle_year_6_north,Riverton JFC Yr 6,riverton_jfc_yr_6
2018 East Fremantle Year 6 North,2018_east_fremantle_year_6_north,Willetton JFC Yr 6,willetton_jfc_yr_6
2018 East Fremantle Year 6 West,2018_east_fremantle_year_6_west,Applecross Mount Pleasant JFC Yr 6 Brown,applecross_mount_pleasant_jfc_yr_6_brown
2018 East Fremantle Year 6 West,2018_east_fremantle_year_6_west,Applecross Mount Pleasant JFC Yr 6 Gold,applecross_mount_pleasant_jfc_yr_6_gold
2018 East Fremantle Year 6 West,2018_east_fremantle_year_6_west,Attadale JFC Yr 6,attadale_jfc_yr_6
2018 East Fremantle Year 6 West,2018_east_fremantle_year_6_west,Booragoon JFC Yr 6 Blue,booragoon_jfc_yr_6_blue
2018 East Fremantle Year 6 West,2018_east_fremantle_year_6_west,Booragoon JFC Yr 6 White,booragoon_jfc_yr_6_white
2018 East Fremantle Year 6 West,2018_east_fremantle_year_6_west,Canning Vale JFC Yr 6 White,canning_vale_jfc_yr_6_white
2018 East Fremantle Year 6 West,2018_east_fremantle_year_6_west,East Fremantle JFC Yr 6 Blue,east_fremantle_jfc_yr_6_blue
2018 East Fremantle Year 6 West,2018_east_fremantle_year_6_west,East Fremantle JFC Yr 6 White,east_fremantle_jfc_yr_6_white
2018 East Fremantle Year 6 West,2018_east_fremantle_year_6_west,Melville JFC Yr 6,melville_jfc_yr_6
2018 East Fremantle Year 6 West,2018_east_fremantle_year_6_west,Palmyra JFC Yr 6,palmyra_jfc_yr_6
2018 East Fremantle Year 6 West,2018_east_fremantle_year_6_west,Riverton JFC Yr 6,riverton_jfc_yr_6
2018 East Fremantle Year 6 West,2018_east_fremantle_year_6_west,Rossmoyne Rostrata Yr 6,rossmoyne_rostrata_yr_6
2018 East Fremantle Year 6 West,2018_east_fremantle_year_6_west,Willetton JFC Yr 6,willetton_jfc_yr_6
2018 East Fremantle Year 6 West,2018_east_fremantle_year_6_west,Winnacott JFC Yr 6,winnacott_jfc_yr_6
2018 East Fremantle Year 7 North,2018_east_fremantle_year_7_north,Applecross Mount Pleasant JFC Yr 7,applecross_mount_pleasant_jfc_yr_7
2018 East Fremantle Year 7 North,2018_east_fremantle_year_7_north,Attadale JFC Yr 7 Black,attadale_jfc_yr_7_black
2018 East Fremantle Year 7 North,2018_east_fremantle_year_7_north,Booragoon JFC Yr 7 Blue,booragoon_jfc_yr_7_blue
2018 East Fremantle Year 7 North,2018_east_fremantle_year_7_north,Bullcreek Leeming JFC Yr 7 Sharks,bullcreek_leeming_jfc_yr_7_sharks
2018 East Fremantle Year 7 North,2018_east_fremantle_year_7_north,Canning Vale JFC Yr 7 Teal,canning_vale_jfc_yr_7_teal
2018 East Fremantle Year 7 North,2018_east_fremantle_year_7_north,Canning Vale JFC Yr 7 White,canning_vale_jfc_yr_7_white
2018 East Fremantle Year 7 North,2018_east_fremantle_year_7_north,East Fremantle JFC Yr 7,east_fremantle_jfc_yr_7
2018 East Fremantle Year 7 North,2018_east_fremantle_year_7_north,Winnacott JFC Yr 7,winnacott_jfc_yr_7
2018 East Fremantle Year 7 West,2018_east_fremantle_year_7_west,Attadale JFC Yr 7 Red,attadale_jfc_yr_7_red
2018 East Fremantle Year 7 West,2018_east_fremantle_year_7_west,Booragoon JFC Yr 7 White,booragoon_jfc_yr_7_white
2018 East Fremantle Year 7 West,2018_east_fremantle_year_7_west,Bullcreek Leeming JFC Yr 7 Bulls,bullcreek_leeming_jfc_yr_7_bulls
2018 East Fremantle Year 7 West,2018_east_fremantle_year_7_west,Canning Vale JFC Yr 7 Black,canning_vale_jfc_yr_7_black
2018 East Fremantle Year 7 West,2018_east_fremantle_year_7_west,Melville JFC Yr 7,melville_jfc_yr_7
2018 East Fremantle Year 7 West,2018_east_fremantle_year_7_west,Piara Waters JFC Yr 7,piara_waters_jfc_yr_7
2018 East Fremantle Year 7 West,2018_east_fremantle_year_7_west,Rossmoyne JFC Yr 7,rossmoyne_jfc_yr_7
2018 East Fremantle Year 7 West,2018_east_fremantle_year_7_west,Willetton JFC Yr 7,willetton_jfc_yr_7
Fremantle Conference 2018 Year 10s BLUE,fremantle_conference_2018_year_10s_blue,Applecross East Fremantle JFC Yr 10,applecross_east_fremantle_jfc_yr_10
Fremantle Conference 2018 Year 10s BLUE,fremantle_conference_2018_year_10s_blue,Booragoon JFC Year 10,booragoon_jfc_year_10
Fremantle Conference 2018 Year 10s BLUE,fremantle_conference_2018_year_10s_blue,Jandakot Jets JFC Y10 WHITE,jandakot_jets_jfc_y10_white
Fremantle Conference 2018 Year 10s BLUE,fremantle_conference_2018_year_10s_blue,Kardinya JFC Year 10s WHITE,kardinya_jfc_year_10s_white
Fremantle Conference 2018 Year 10s BLUE,fremantle_conference_2018_year_10s_blue,South Coogee JFC Year 10s,south_coogee_jfc_year_10s
Fremantle Conference 2018 Year 10s BLUE,fremantle_conference_2018_year_10s_blue,Willetton Rossmoyne JFC Year 10,willetton_rossmoyne_jfc_year_10
Fremantle Conference 2018 Year 10s BLUE,fremantle_conference_2018_year_10s_blue,Winnacott JFC Year 10,winnacott_jfc_year_10
Fremantle Conference 2018 Year 10s RED,fremantle_conference_2018_year_10s_red,Bullcreek Leeming JFC Year 10,bullcreek_leeming_jfc_year_10
Fremantle Conference 2018 Year 10s RED,fremantle_conference_2018_year_10s_red,Cockburn JFC Year 10,cockburn_jfc_year_10
Fremantle Conference 2018 Year 10s RED,fremantle_conference_2018_year_10s_red,Kelmscott JFC Year 10s,kelmscott_jfc_year_10s
Fremantle Conference 2018 Year 10s RED,fremantle_conference_2018_year_10s_red,Kwinana JFC Year 10s,kwinana_jfc_year_10s
Fremantle Conference 2018 Year 10s RED,fremantle_conference_2018_year_10s_red,Melville JFC Year 10,melville_jfc_year_10
Fremantle Conference 2018 Year 10s RED,fremantle_conference_2018_year_10s_red,Riverton JFC Year 10,riverton_jfc_year_10
Fremantle Conference 2018 Year 11s BLUE,fremantle_conference_2018_year_11s_blue,Booragoon East Fremantle JFC Year 11,booragoon_east_fremantle_jfc_year_11
Fremantle Conference 2018 Year 11s BLUE,fremantle_conference_2018_year_11s_blue,Fremantle City Dockers JFC Y11,fremantle_city_dockers_jfc_y11
Fremantle Conference 2018 Year 11s BLUE,fremantle_conference_2018_year_11s_blue,Jandakot Jets JFC Y11,jandakot_jets_jfc_y11
Fremantle Conference 2018 Year 11s BLUE,fremantle_conference_2018_year_11s_blue,Kwinana JFC Y11,kwinana_jfc_y11
Fremantle Conference 2018 Year 11s BLUE,fremantle_conference_2018_year_11s_blue,Rossmoyne JFC Year 11,rossmoyne_jfc_year_11
Fremantle Conference 2018 Year 11s BLUE,fremantle_conference_2018_year_11s_blue,South Coogee JFC Year 11,south_coogee_jfc_year_11
Fremantle Conference 2018 Year 11s BLUE,fremantle_conference_2018_year_11s_blue,Winnacott JFC Year 11,winnacott_jfc_year_11
Fremantle Conference 2018 Year 11s RED,fremantle_conference_2018_year_11s_red,Armadale JFC Year 11s WHITE,armadale_jfc_year_11s_white
Fremantle Conference 2018 Year 11s RED,fremantle_conference_2018_year_11s_red,Bullcreek Leeming JFC Year 11,bullcreek_leeming_jfc_year_11
Fremantle Conference 2018 Year 11s RED,fremantle_conference_2018_year_11s_red,Kelmscott JFC Y11,kelmscott_jfc_y11
Fremantle Conference 2018 Year 11s RED,fremantle_conference_2018_year_11s_red,Melville JFC Year 11,melville_jfc_year_11
Fremantle Conference 2018 Year 11s RED,fremantle_conference_2018_year_11s_red,Palmyra JFC Year 11,palmyra_jfc_year_11
Fremantle Conference 2018 Year 11s RED,fremantle_conference_2018_year_11s_red,Roleystone JFC Year 11s,roleystone_jfc_year_11s
Fremantle Conference 2018 Year 12s,fremantle_conference_2018_year_12s,Booragoon JFC Year 12,booragoon_jfc_year_12
Fremantle Conference 2018 Year 12s,fremantle_conference_2018_year_12s,Canning Vale JFC Year 12,canning_vale_jfc_year_12
Fremantle Conference 2018 Year 12s,fremantle_conference_2018_year_12s,Cockburn JFC Year 12,cockburn_jfc_year_12
Fremantle Conference 2018 Year 12s,fremantle_conference_2018_year_12s,Fremantle City Dockers JFC Year 12,fremantle_city_dockers_jfc_year_12
Fremantle Conference 2018 Year 12s,fremantle_conference_2018_year_12s,Jandakot Jets JFC Year 12,jandakot_jets_jfc_year_12
Fremantle Conference 2018 Year 12s,fremantle_conference_2018_year_12s,Kelmscott JFC Year 12,kelmscott_jfc_year_12
Fremantle Conference 2018 Year 12s,fremantle_conference_2018_year_12s,South Coogee JFC Y12,south_coogee_jfc_y12
Fremantle Conference 2018 Year 12s,fremantle_conference_2018_year_12s,Winnacott JFC Year 12,winnacott_jfc_year_12
Fremantle Conference 2018 Year 8s 15 a side,fremantle_conference_2018_year_8s_15_a_side,Applecross Mount Pleasant JFC Yr 8,applecross_mount_pleasant_jfc_yr_8
Fremantle Conference 2018 Year 8s 15 a side,fremantle_conference_2018_year_8s_15_a_side,Bibra Lakes JFC Year 8s,bibra_lakes_jfc_year_8s
Fremantle Conference 2018 Year 8s 15 a side,fremantle_conference_2018_year_8s_15_a_side,Canning Vale JFC Year 8,canning_vale_jfc_year_8
Fremantle Conference 2018 Year 8s 15 a side,fremantle_conference_2018_year_8s_15_a_side,Canning Vale JFC Year 8 Teal,canning_vale_jfc_year_8_teal
Fremantle Conference 2018 Year 8s 15 a side,fremantle_conference_2018_year_8s_15_a_side,Fremantle City Dockers JFC Year 8s,fremantle_city_dockers_jfc_year_8s
Fremantle Conference 2018 Year 8s 15 a side,fremantle_conference_2018_year_8s_15_a_side,Kelmscott JFC Year 8s,kelmscott_jfc_year_8s
Fremantle Conference 2018 Year 8s 15 a side,fremantle_conference_2018_year_8s_15_a_side,South Coogee JFC Year 8s WHITE,south_coogee_jfc_year_8s_white
Fremantle Conference 2018 Year 8s BLUE,fremantle_conference_2018_year_8s_blue,Armadale JFC Year 8s,armadale_jfc_year_8s
Fremantle Conference 2018 Year 8s BLUE,fremantle_conference_2018_year_8s_blue,Booragoon JFC Year 8,booragoon_jfc_year_8
Fremantle Conference 2018 Year 8s BLUE,fremantle_conference_2018_year_8s_blue,Hammond Park JFC Year 8s,hammond_park_jfc_year_8s
Fremantle Conference 2018 Year 8s BLUE,fremantle_conference_2018_year_8s_blue,Jandakot Jets JFC Year 8s WHITE,jandakot_jets_jfc_year_8s_white
Fremantle Conference 2018 Year 8s BLUE,fremantle_conference_2018_year_8s_blue,Melville JFC Year 8,melville_jfc_year_8
Fremantle Conference 2018 Year 8s BLUE,fremantle_conference_2018_year_8s_blue,Palmyra JFC Year 8,palmyra_jfc_year_8
Fremantle Conference 2018 Year 8s BLUE,fremantle_conference_2018_year_8s_blue,Willetton JFC Year 8,willetton_jfc_year_8
Fremantle Conference 2018 Year 8s BLUE,fremantle_conference_2018_year_8s_blue,Winnacott JFC Year 8,winnacott_jfc_year_8
Fremantle Conference 2018 Year 8s RED,fremantle_conference_2018_year_8s_red,Applecross Mount Pleasant JFC Yr 8,applecross_mount_pleasant_jfc_yr_8
Fremantle Conference 2018 Year 8s RED,fremantle_conference_2018_year_8s_red,Bullcreek Leeming JFC Year 8 BULLS,bullcreek_leeming_jfc_year_8_bulls
Fremantle Conference 2018 Year 8s RED,fremantle_conference_2018_year_8s_red,Bullcreek Leeming JFC Year 8 SHARKS,bullcreek_leeming_jfc_year_8_sharks
Fremantle Conference 2018 Year 8s RED,fremantle_conference_2018_year_8s_red,East Fremantle JFC Year 8,east_fremantle_jfc_year_8
Fremantle Conference 2018 Year 8s RED,fremantle_conference_2018_year_8s_red,Jandakot Jets JFC Year 8s RED,jandakot_jets_jfc_year_8s_red
Fremantle Conference 2018 Year 8s RED,fremantle_conference_2018_year_8s_red,Kwinana JFC Year 8s,kwinana_jfc_year_8s
Fremantle Conference 2018 Year 8s RED,fremantle_conference_2018_year_8s_red,Mundijong Centrals JFC Year 8s WHITE,mundijong_centrals_jfc_year_8s_white
Fremantle Conference 2018 Year 8s RED,fremantle_conference_2018_year_8s_red,South Coogee JFC Year 8s RED,south_coogee_jfc_year_8s_red
Fremantle Conference 2018 Year 8s RED,fremantle_conference_2018_year_8s_red,South Coogee JFC Year 8s WHITE,south_coogee_jfc_year_8s_white
Fremantle Conference 2018 Year 9s BLUE,fremantle_conference_2018_year_9s_blue,Armadale JFC Year 9s,armadale_jfc_year_9s
Fremantle Conference 2018 Year 9s BLUE,fremantle_conference_2018_year_9s_blue,Attadale JFC Year 9,attadale_jfc_year_9
Fremantle Conference 2018 Year 9s BLUE,fremantle_conference_2018_year_9s_blue,Booragoon JFC Year 9,booragoon_jfc_year_9
Fremantle Conference 2018 Year 9s BLUE,fremantle_conference_2018_year_9s_blue,Bullcreek Leeming JFC Year 9,bullcreek_leeming_jfc_year_9
Fremantle Conference 2018 Year 9s BLUE,fremantle_conference_2018_year_9s_blue,Canning Vale JFC Year 9,canning_vale_jfc_year_9
Fremantle Conference 2018 Year 9s BLUE,fremantle_conference_2018_year_9s_blue,East Fremantle Melville JFC Year 9,east_fremantle_melville_jfc_year_9
Fremantle Conference 2018 Year 9s BLUE,fremantle_conference_2018_year_9s_blue,Jandakot Jets JFC Year 9s RED,jandakot_jets_jfc_year_9s_red
Fremantle Conference 2018 Year 9s BLUE,fremantle_conference_2018_year_9s_blue,Jandakot Jets JFC Year 9s WHITE,jandakot_jets_jfc_year_9s_white
Fremantle Conference 2018 Year 9s BLUE,fremantle_conference_2018_year_9s_blue,Mundijong Centrals JFC Year 9s,mundijong_centrals_jfc_year_9s
Fremantle Conference 2018 Year 9s BLUE,fremantle_conference_2018_year_9s_blue,Rossmoyne JFC Year 9,rossmoyne_jfc_year_9
Fremantle Conference 2018 Year 9s RED,fremantle_conference_2018_year_9s_red,Booragoon JFC Year 9,booragoon_jfc_year_9
Fremantle Conference 2018 Year 9s RED,fremantle_conference_2018_year_9s_red,Fremantle City Dockers JFC Year 9s WHITE,fremantle_city_dockers_jfc_year_9s_white
Fremantle Conference 2018 Year 9s RED,fremantle_conference_2018_year_9s_red,Roleystone JFC Year 9s WHITE,roleystone_jfc_year_9s_white
Fremantle Conference 2018 Year 9s RED,fremantle_conference_2018_year_9s_red,Rossmoyne JFC Year 9,rossmoyne_jfc_year_9
Fremantle Conference 2018 Year 9s RED,fremantle_conference_2018_year_9s_red,South Coogee JFC Year 9s RED,south_coogee_jfc_year_9s_red
Fremantle Conference 2018 Year 9s RED,fremantle_conference_2018_year_9s_red,South Coogee JFC Year 9s WHITE,south_coogee_jfc_year_9s_white
Fremantle Conference 2018 Year 9s RED,fremantle_conference_2018_year_9s_red,Willetton JFC Year 9,willetton_jfc_year_9
Fremantle Conference 2018 Year 9s WHITE,fremantle_conference_2018_year_9s_white,Applecross Mount Pleasant JFC Yr 9,applecross_mount_pleasant_jfc_yr_9
Fremantle Conference 2018 Year 9s WHITE,fremantle_conference_2018_year_9s_white,Armadale JFC Year 9s,armadale_jfc_year_9s
Fremantle Conference 2018 Year 9s WHITE,fremantle_conference_2018_year_9s_white,East Fremantle Melville JFC Year 9,east_fremantle_melville_jfc_year_9
Fremantle Conference 2018 Year 9s WHITE,fremantle_conference_2018_year_9s_white,Jandakot Jets JFC Year 9s BLUE,jandakot_jets_jfc_year_9s_blue
Fremantle Conference 2018 Year 9s WHITE,fremantle_conference_2018_year_9s_white,Kardinya JFC Year 9s,kardinya_jfc_year_9s
Fremantle Conference 2018 Year 9s WHITE,fremantle_conference_2018_year_9s_white,Kwinana JFC Year 9s,kwinana_jfc_year_9s
Fremantle Conference 2018 Year 9s WHITE,fremantle_conference_2018_year_9s_white,Palmyra JFC Year 9,palmyra_jfc_year_9
Fremantle Conference 2018 Years 3 4 All Female,fremantle_conference_2018_years_3_4_all_female,Fremantle City Dockers JFC Yr 3 4 All Female,fremantle_city_dockers_jfc_yr_3_4_all_female
Fremantle Conference 2018 Years 3 4 All Female,fremantle_conference_2018_years_3_4_all_female,Hammond Park JFC Yr 3 4 All Female,hammond_park_jfc_yr_3_4_all_female
Fremantle Conference 2018 Years 3 4 All Female,fremantle_conference_2018_years_3_4_all_female,Jandakot Jets JFC Yr 3 4 All Female,jandakot_jets_jfc_yr_3_4_all_female
Fremantle Conference 2018 Years 3 4 All Female,fremantle_conference_2018_years_3_4_all_female,Mundijong Centrals JFC Yr 3 4 All Female,mundijong_centrals_jfc_yr_3_4_all_female
Fremantle Conference 2018 Years 3 4 All Female,fremantle_conference_2018_years_3_4_all_female,Roleystone JFC Yr 3 4 All Female,roleystone_jfc_yr_3_4_all_female
Fremantle Conference 2018 Youth Years 9 11 All Female,fremantle_conference_2018_youth_years_9_11_all_female,Booragoon JFC Yr 9 11 All Female,booragoon_jfc_yr_9_11_all_female
Fremantle Conference 2018 Youth Years 9 11 All Female,fremantle_conference_2018_youth_years_9_11_all_female,Fremantle City Dockers JFC Yr 9 11 All Female,fremantle_city_dockers_jfc_yr_9_11_all_female
Fremantle Conference 2018 Youth Years 9 11 All Female,fremantle_conference_2018_youth_years_9_11_all_female,Jandakot Jets JFC Yr 9 11 All Female,jandakot_jets_jfc_yr_9_11_all_female
Fremantle Conference 2018 Youth Years 9 11 All Female,fremantle_conference_2018_youth_years_9_11_all_female,Kwinana JFC Yr 9 11 All Female,kwinana_jfc_yr_9_11_all_female
Fremantle Conference 2018 Youth Years 9 11 All Female,fremantle_conference_2018_youth_years_9_11_all_female,Mundijong Centrals JFC Yr 9 11 All Female RED,mundijong_centrals_jfc_yr_9_11_all_female_red
Fremantle Conference 2018 Youth Years 9 11 All Female,fremantle_conference_2018_youth_years_9_11_all_female,Mundijong Centrals JFC Yr 9 11 All Female WHITE,mundijong_centrals_jfc_yr_9_11_all_female_white
Fremantle Conference 2018 Youth Years 9 11 All Female,fremantle_conference_2018_youth_years_9_11_all_female,Roleystone JFC Yr 9 11 All Female,roleystone_jfc_yr_9_11_all_female
Fremantle Conference 2018 Youth Years 9 11 All Female,fremantle_conference_2018_youth_years_9_11_all_female,Willetton JFC Yr 9 11 All Female,willetton_jfc_yr_9_11_all_female
Fremantle Conference 2018 Youth Yr 7 8 All Female BLUE,fremantle_conference_2018_youth_yr_7_8_all_female_blue,Booragoon JFC Yr 7 8 All Female,booragoon_jfc_yr_7_8_all_female
Fremantle Conference 2018 Youth Yr 7 8 All Female BLUE,fremantle_conference_2018_youth_yr_7_8_all_female_blue,Canning Vale JFC Yr 7 8 All Female,canning_vale_jfc_yr_7_8_all_female
Fremantle Conference 2018 Youth Yr 7 8 All Female BLUE,fremantle_conference_2018_youth_yr_7_8_all_female_blue,Jandakot Jets JFC Yr 7 8 All Female,jandakot_jets_jfc_yr_7_8_all_female
Fremantle Conference 2018 Youth Yr 7 8 All Female BLUE,fremantle_conference_2018_youth_yr_7_8_all_female_blue,Mundijong Centrals JFC Yr 7 8 All Female,mundijong_centrals_jfc_yr_7_8_all_female
Fremantle Conference 2018 Youth Yr 7 8 All Female BLUE,fremantle_conference_2018_youth_yr_7_8_all_female_blue,Piara Waters JFC Yr 7 8 All Female,piara_waters_jfc_yr_7_8_all_female
Fremantle Conference 2018 Youth Yr 7 8 All Female BLUE,fremantle_conference_2018_youth_yr_7_8_all_female_blue,Roleystone JFC Yr 7 8 All Female,roleystone_jfc_yr_7_8_all_female
Fremantle Conference 2018 Youth Yr 7 8 All Female BLUE,fremantle_conference_2018_youth_yr_7_8_all_female_blue,Willetton JFC Yr 7 8 All Female,willetton_jfc_yr_7_8_all_female
Fremantle Conference 2018 Youth Yr 7 8 All Female RED,fremantle_conference_2018_youth_yr_7_8_all_female_red,Attadale JFC Yr 7 8 All Female,attadale_jfc_yr_7_8_all_female
Fremantle Conference 2018 Youth Yr 7 8 All Female RED,fremantle_conference_2018_youth_yr_7_8_all_female_red,Fremantle City Dockers JFC Yr 7 8 All Female,fremantle_city_dockers_jfc_yr_7_8_all_female
Fremantle Conference 2018 Youth Yr 7 8 All Female RED,fremantle_conference_2018_youth_yr_7_8_all_female_red,Jandakot Jets JFC Yr 7 8 All Female,jandakot_jets_jfc_yr_7_8_all_female
Fremantle Conference 2018 Youth Yr 7 8 All Female RED,fremantle_conference_2018_youth_yr_7_8_all_female_red,Kwinana JFC Yr 7 8 All Female,kwinana_jfc_yr_7_8_all_female
Fremantle Conference 2018 Youth Yr 7 8 All Female RED,fremantle_conference_2018_youth_yr_7_8_all_female_red,Riverton JFC Yr 7 8 All Female,riverton_jfc_yr_7_8_all_female
Fremantle Conference 2018 Youth Yr 7 8 All Female RED,fremantle_conference_2018_youth_yr_7_8_all_female_red,Rossmoyne JFC Yr 7 8 All Female,rossmoyne_jfc_yr_7_8_all_female
Fremantle Conference 2018 Youth Yr 7 8 All Female RED,fremantle_conference_2018_youth_yr_7_8_all_female_red,South Coogee JFC Yr 7 8 All Female,south_coogee_jfc_yr_7_8_all_female
Fremantle Conference 2018 Yr 5 6 All Female RED,fremantle_conference_2018_yr_5_6_all_female_red,Bibra Lakes JFC Yr 5 6 All Female,bibra_lakes_jfc_yr_5_6_all_female
Fremantle Conference 2018 Yr 5 6 All Female RED,fremantle_conference_2018_yr_5_6_all_female_red,Booragoon JFC Yr 5 6 All Female,booragoon_jfc_yr_5_6_all_female
Fremantle Conference 2018 Yr 5 6 All Female RED,fremantle_conference_2018_yr_5_6_all_female_red,East Fremantle JFC Yr 5 6 All Female,east_fremantle_jfc_yr_5_6_all_female
Fremantle Conference 2018 Yr 5 6 All Female RED,fremantle_conference_2018_yr_5_6_all_female_red,Jandakot Jets JFC Yr 5 6 All Female,jandakot_jets_jfc_yr_5_6_all_female
Fremantle Conference 2018 Yr 5 6 All Female RED,fremantle_conference_2018_yr_5_6_all_female_red,Palmyra JFC 2018 Yr 5 6 All Female,palmyra_jfc_2018_yr_5_6_all_female
Fremantle Conference 2018 Yr 5 6 All Female RED,fremantle_conference_2018_yr_5_6_all_female_red,Winnacott JFC Yr 5 6 All Female,winnacott_jfc_yr_5_6_all_female
Fremantle Conference 2018 Yrs 5 6 All Female BLUE,fremantle_conference_2018_yrs_5_6_all_female_blue,Canning Vale JFC Yr 5 6 All Female,canning_vale_jfc_yr_5_6_all_female
Fremantle Conference 2018 Yrs 5 6 All Female BLUE,fremantle_conference_2018_yrs_5_6_all_female_blue,Fremantle City Dockers JFC Yr 5 6 All Female,fremantle_city_dockers_jfc_yr_5_6_all_female
Fremantle Conference 2018 Yrs 5 6 All Female BLUE,fremantle_conference_2018_yrs_5_6_all_female_blue,Mundijong Centrals JFC Yr 5 6 All Female,mundijong_centrals_jfc_yr_5_6_all_female
Fremantle Conference 2018 Yrs 5 6 All Female BLUE,fremantle_conference_2018_yrs_5_6_all_female_blue,Piara Waters JFC Yr 5 6 All Female,piara_waters_jfc_yr_5_6_all_female
Fremantle Conference 2018 Yrs 5 6 All Female BLUE,fremantle_conference_2018_yrs_5_6_all_female_blue,Roleystone JFC Y5 6 All Female,roleystone_jfc_y5_6_all_female
Fremantle Conference 2018 Yrs 5 6 All Female BLUE,fremantle_conference_2018_yrs_5_6_all_female_blue,Rossmoyne JFC Yr 5 6 All Female,rossmoyne_jfc_yr_5_6_all_female
Metro South Test Competition,#N/A,Armadale JFC Year 8s,armadale_jfc_year_8s
Metro South Test Competition,#N/A,Booragoon JFC Year 8,booragoon_jfc_year_8
Metro South Test Competition,#N/A,Bullcreek Leeming JFC Year 8 SHARKS,bullcreek_leeming_jfc_year_8_sharks
Metro South Test Competition,#N/A,Canning Vale JFC Year 8,canning_vale_jfc_year_8
Metro South Test Competition,#N/A,East Fremantle JFC Year 8,east_fremantle_jfc_year_8
Metro South Test Competition,#N/A,Fremantle City Dockers JFC Year 8s RED,fremantle_city_dockers_jfc_year_8s_red
Metro South Test Competition,#N/A,Jandakot Jets JFC Year 8s BLUE,jandakot_jets_jfc_year_8s_blue
Metro South Test Competition,#N/A,Kelmscott JFC Year 8s,kelmscott_jfc_year_8s
South Fremantle 2018 Pups EAST,south_fremantle_2018_pups_east,Armadale JFC Pups WHITE,armadale_jfc_pups_white
South Fremantle 2018 Pups EAST,south_fremantle_2018_pups_east,Fremantle City Dockers JFC Pups WHITE,fremantle_city_dockers_jfc_pups_white
South Fremantle 2018 Pups EAST,south_fremantle_2018_pups_east,Hammond Park JFC Pups RED,hammond_park_jfc_pups_red
South Fremantle 2018 Pups EAST,south_fremantle_2018_pups_east,Hammond Park JFC Pups WHITE,hammond_park_jfc_pups_white
South Fremantle 2018 Pups EAST,south_fremantle_2018_pups_east,Jandakot Jets JFC Pups RED,jandakot_jets_jfc_pups_red
South Fremantle 2018 Pups EAST,south_fremantle_2018_pups_east,Jandakot Jets JFC PUPS White,jandakot_jets_jfc_pups_white
South Fremantle 2018 Pups EAST,south_fremantle_2018_pups_east,Kelmscott JFC Pups WHITE,kelmscott_jfc_pups_white
South Fremantle 2018 Pups EAST,south_fremantle_2018_pups_east,Kwinana JFC Pups RED,kwinana_jfc_pups_red
South Fremantle 2018 Pups EAST,south_fremantle_2018_pups_east,Mundijong Centrals JFC Pups WHITE,mundijong_centrals_jfc_pups_white
South Fremantle 2018 Pups EAST,south_fremantle_2018_pups_east,Roleystone JFC Pups WHITE,roleystone_jfc_pups_white
South Fremantle 2018 Pups EAST,south_fremantle_2018_pups_east,South Coogee JFC Pups RED,south_coogee_jfc_pups_red
South Fremantle 2018 Pups EAST,south_fremantle_2018_pups_east,South Coogee JFC Pups WHITE,south_coogee_jfc_pups_white
South Fremantle 2018 Pups WEST,south_fremantle_2018_pups_west,Bibra Lakes Kardinya JFC Pups WHITE,bibra_lakes_kardinya_jfc_pups_white
South Fremantle 2018 Pups WEST,south_fremantle_2018_pups_west,Hammond Park JFC Pups BLUE,hammond_park_jfc_pups_blue
South Fremantle 2018 Pups WEST,south_fremantle_2018_pups_west,Jandakot Jets JFC Pups BLUE,jandakot_jets_jfc_pups_blue
South Fremantle 2018 Pups WEST,south_fremantle_2018_pups_west,Jandakot Jets JFC Pups GOLD,jandakot_jets_jfc_pups_gold
South Fremantle 2018 Pups WEST,south_fremantle_2018_pups_west,Jandakot Jets JFC Pups GREEN,jandakot_jets_jfc_pups_green
South Fremantle 2018 Pups WEST,south_fremantle_2018_pups_west,Kelmscott JFC Pups RED,kelmscott_jfc_pups_red
South Fremantle 2018 Pups WEST,south_fremantle_2018_pups_west,Kwinana JFC Pups BLUE,kwinana_jfc_pups_blue
South Fremantle 2018 Pups WEST,south_fremantle_2018_pups_west,Mundijong Centrals JFC Pups RED,mundijong_centrals_jfc_pups_red
South Fremantle 2018 Pups WEST,south_fremantle_2018_pups_west,Roleystone JFC Pups RED,roleystone_jfc_pups_red
South Fremantle 2018 Pups WEST,south_fremantle_2018_pups_west,South Coogee JFC Pups BLUE,south_coogee_jfc_pups_blue
South Fremantle 2018 Year 4s EAST,south_fremantle_2018_year_4s_east,Fremantle City Dockers JFC Year 4s WHITE,fremantle_city_dockers_jfc_year_4s_white
South Fremantle 2018 Year 4s EAST,south_fremantle_2018_year_4s_east,Hammond Park JFC Year 4s RED,hammond_park_jfc_year_4s_red
South Fremantle 2018 Year 4s EAST,south_fremantle_2018_year_4s_east,Hammond Park JFC Year 4s WHITE,hammond_park_jfc_year_4s_white
South Fremantle 2018 Year 4s EAST,south_fremantle_2018_year_4s_east,Jandakot Jets JFC Year 4s RED,jandakot_jets_jfc_year_4s_red
South Fremantle 2018 Year 4s EAST,south_fremantle_2018_year_4s_east,Jandakot Jets JFC Year 4s WHITE,jandakot_jets_jfc_year_4s_white
South Fremantle 2018 Year 4s EAST,south_fremantle_2018_year_4s_east,Kardinya JFC Year 4s WHITE,kardinya_jfc_year_4s_white
South Fremantle 2018 Year 4s EAST,south_fremantle_2018_year_4s_east,Kelmscott JFC Year 4s RED,kelmscott_jfc_year_4s_red
South Fremantle 2018 Year 4s EAST,south_fremantle_2018_year_4s_east,Kwinana JFC Year 4s RED,kwinana_jfc_year_4s_red
South Fremantle 2018 Year 4s EAST,south_fremantle_2018_year_4s_east,Mundijong Centrals JFC Year 4s BLUE,mundijong_centrals_jfc_year_4s_blue
South Fremantle 2018 Year 4s EAST,south_fremantle_2018_year_4s_east,Mundijong Centrals JFC Year 4s RED,mundijong_centrals_jfc_year_4s_red
South Fremantle 2018 Year 4s EAST,south_fremantle_2018_year_4s_east,South Coogee JFC Year 4s RED,south_coogee_jfc_year_4s_red
South Fremantle 2018 Year 4s WEST,south_fremantle_2018_year_4s_west,Armadale JFC Year 4s WHITE,armadale_jfc_year_4s_white
South Fremantle 2018 Year 4s WEST,south_fremantle_2018_year_4s_west,Bibra Lakes JFC Year 4s WHITE,bibra_lakes_jfc_year_4s_white
South Fremantle 2018 Year 4s WEST,south_fremantle_2018_year_4s_west,Cockburn JFC Year 4s WHITE,cockburn_jfc_year_4s_white
South Fremantle 2018 Year 4s WEST,south_fremantle_2018_year_4s_west,Fremantle City Dockers JFC Year 4s RED,fremantle_city_dockers_jfc_year_4s_red
South Fremantle 2018 Year 4s WEST,south_fremantle_2018_year_4s_west,Hammond Park JFC Year 4s BLUE,hammond_park_jfc_year_4s_blue
South Fremantle 2018 Year 4s WEST,south_fremantle_2018_year_4s_west,Jandakot Jets JFC Year 4s BLUE,jandakot_jets_jfc_year_4s_blue
South Fremantle 2018 Year 4s WEST,south_fremantle_2018_year_4s_west,Jandakot Jets JFC Year 4s GOLD,jandakot_jets_jfc_year_4s_gold
South Fremantle 2018 Year 4s WEST,south_fremantle_2018_year_4s_west,Kardinya JFC Year 4s RED,kardinya_jfc_year_4s_red
South Fremantle 2018 Year 4s WEST,south_fremantle_2018_year_4s_west,Kelmscott JFC Year 4s WHITE,kelmscott_jfc_year_4s_white
South Fremantle 2018 Year 4s WEST,south_fremantle_2018_year_4s_west,Mundijong Centrals JFC Year 4s WHITE,mundijong_centrals_jfc_year_4s_white
South Fremantle 2018 Year 4s WEST,south_fremantle_2018_year_4s_west,Roleystone JFC Year 4s WHITE,roleystone_jfc_year_4s_white
South Fremantle 2018 Year 4s WEST,south_fremantle_2018_year_4s_west,South Coogee JFC Year 4s WHITE,south_coogee_jfc_year_4s_white
South Fremantle 2018 Year 5s EAST,south_fremantle_2018_year_5s_east,Fremantle City Dockers JFC Year 5s BLUE,fremantle_city_dockers_jfc_year_5s_blue
South Fremantle 2018 Year 5s EAST,south_fremantle_2018_year_5s_east,Fremantle City Dockers JFC Year 5s WHITE,fremantle_city_dockers_jfc_year_5s_white
South Fremantle 2018 Year 5s EAST,south_fremantle_2018_year_5s_east,Jandakot Jets JFC Year 5s BLUE,jandakot_jets_jfc_year_5s_blue
South Fremantle 2018 Year 5s EAST,south_fremantle_2018_year_5s_east,Jandakot Jets JFC Year 5s RED,jandakot_jets_jfc_year_5s_red
South Fremantle 2018 Year 5s EAST,south_fremantle_2018_year_5s_east,Kwinana JFC Year 5s RED,kwinana_jfc_year_5s_red
South Fremantle 2018 Year 5s EAST,south_fremantle_2018_year_5s_east,Mundijong Centrals JFC Year 5s BLUE,mundijong_centrals_jfc_year_5s_blue
South Fremantle 2018 Year 5s EAST,south_fremantle_2018_year_5s_east,Mundijong Centrals JFC Year 5s WHITE,mundijong_centrals_jfc_year_5s_white
South Fremantle 2018 Year 5s EAST,south_fremantle_2018_year_5s_east,Roleystone JFC Year 5s RED,roleystone_jfc_year_5s_red
South Fremantle 2018 Year 5s EAST,south_fremantle_2018_year_5s_east,Roleystone JFC Year 5s WHITE,roleystone_jfc_year_5s_white
South Fremantle 2018 Year 5s EAST,south_fremantle_2018_year_5s_east,South Coogee JFC Year 5s RED,south_coogee_jfc_year_5s_red
South Fremantle 2018 Year 5s WEST,south_fremantle_2018_year_5s_west,Armadale JFC Year 5s WHITE,armadale_jfc_year_5s_white
South Fremantle 2018 Year 5s WEST,south_fremantle_2018_year_5s_west,Fremantle City Dockers JFC Year 5s RED,fremantle_city_dockers_jfc_year_5s_red
South Fremantle 2018 Year 5s WEST,south_fremantle_2018_year_5s_west,Hammond Park JFC Year 5s WHITE,hammond_park_jfc_year_5s_white
South Fremantle 2018 Year 5s WEST,south_fremantle_2018_year_5s_west,Jandakot Jets JFC Year 5s GOLD,jandakot_jets_jfc_year_5s_gold
South Fremantle 2018 Year 5s WEST,south_fremantle_2018_year_5s_west,Jandakot Jets JFC Year 5s WHITE,jandakot_jets_jfc_year_5s_white
South Fremantle 2018 Year 5s WEST,south_fremantle_2018_year_5s_west,Kelmscott JFC Year 5s WHITE,kelmscott_jfc_year_5s_white
South Fremantle 2018 Year 5s WEST,south_fremantle_2018_year_5s_west,Kwinana JFC Year 5s WHITE,kwinana_jfc_year_5s_white
South Fremantle 2018 Year 5s WEST,south_fremantle_2018_year_5s_west,Mundijong Centrals JFC Year 5s RED,mundijong_centrals_jfc_year_5s_red
South Fremantle 2018 Year 5s WEST,south_fremantle_2018_year_5s_west,South Coogee JFC Year 5s WHITE,south_coogee_jfc_year_5s_white
South Fremantle 2018 Year 6s EAST,south_fremantle_2018_year_6s_east,Bibra Lakes JFC Year 6s WHITE,bibra_lakes_jfc_year_6s_white
South Fremantle 2018 Year 6s EAST,south_fremantle_2018_year_6s_east,Fremantle City Dockers JFC Year 6s RED,fremantle_city_dockers_jfc_year_6s_red
South Fremantle 2018 Year 6s EAST,south_fremantle_2018_year_6s_east,Hammond Park JFC Year 6s RED,hammond_park_jfc_year_6s_red
South Fremantle 2018 Year 6s EAST,south_fremantle_2018_year_6s_east,Jandakot Jets JFC Year 6s BLUE,jandakot_jets_jfc_year_6s_blue
South Fremantle 2018 Year 6s EAST,south_fremantle_2018_year_6s_east,Kardinya JFC Year 6s RED,kardinya_jfc_year_6s_red
South Fremantle 2018 Year 6s EAST,south_fremantle_2018_year_6s_east,Kelmscott JFC Year 6s WHITE,kelmscott_jfc_year_6s_white
South Fremantle 2018 Year 6s EAST,south_fremantle_2018_year_6s_east,Kwinana JFC Year 6s BLUE,kwinana_jfc_year_6s_blue
South Fremantle 2018 Year 6s EAST,south_fremantle_2018_year_6s_east,Kwinana JFC Year 6s WHITE,kwinana_jfc_year_6s_white
South Fremantle 2018 Year 6s EAST,south_fremantle_2018_year_6s_east,Mundijong Centrals JFC Year 6s RED,mundijong_centrals_jfc_year_6s_red
South Fremantle 2018 Year 6s EAST,south_fremantle_2018_year_6s_east,Roleystone JFC Year 6s RED,roleystone_jfc_year_6s_red
South Fremantle 2018 Year 6s EAST,south_fremantle_2018_year_6s_east,South Coogee JFC Year 6s BLUE,south_coogee_jfc_year_6s_blue
South Fremantle 2018 Year 6s EAST,south_fremantle_2018_year_6s_east,South Coogee JFC Year 6s RED,south_coogee_jfc_year_6s_red
South Fremantle 2018 Year 6s WEST,south_fremantle_2018_year_6s_west,Fremantle City Dockers JFC Year 6s WHITE,fremantle_city_dockers_jfc_year_6s_white
South Fremantle 2018 Year 6s WEST,south_fremantle_2018_year_6s_west,Fremantle City Dockers JFC Yearr 6s BLUE,fremantle_city_dockers_jfc_yearr_6s_blue
South Fremantle 2018 Year 6s WEST,south_fremantle_2018_year_6s_west,Hammond Park JFC Year 6s WHITE,hammond_park_jfc_year_6s_white
South Fremantle 2018 Year 6s WEST,south_fremantle_2018_year_6s_west,Jandakot Jets JFC Year 6s RED,jandakot_jets_jfc_year_6s_red
South Fremantle 2018 Year 6s WEST,south_fremantle_2018_year_6s_west,Jandakot Jets JFC Year 6s WHITE,jandakot_jets_jfc_year_6s_white
South Fremantle 2018 Year 6s WEST,south_fremantle_2018_year_6s_west,Mundijong Centrals JFC Year 6s BLUE,mundijong_centrals_jfc_year_6s_blue
South Fremantle 2018 Year 6s WEST,south_fremantle_2018_year_6s_west,Mundijong Centrals JFC Year 6s WHITE,mundijong_centrals_jfc_year_6s_white
South Fremantle 2018 Year 6s WEST,south_fremantle_2018_year_6s_west,Roleystone JFC Year 6s WHITE,roleystone_jfc_year_6s_white
South Fremantle 2018 Year 6s WEST,south_fremantle_2018_year_6s_west,South Coogee JFC Year 6s WHITE,south_coogee_jfc_year_6s_white
South Fremantle 2018 Year 7s EAST,south_fremantle_2018_year_7s_east,Fremantle City Dockers JFC Year 7s RED,fremantle_city_dockers_jfc_year_7s_red
South Fremantle 2018 Year 7s EAST,south_fremantle_2018_year_7s_east,Jandakot Jets JFC Year 7s WHITE,jandakot_jets_jfc_year_7s_white
South Fremantle 2018 Year 7s EAST,south_fremantle_2018_year_7s_east,Kelmscott JFC Year 7s WHITE,kelmscott_jfc_year_7s_white
South Fremantle 2018 Year 7s EAST,south_fremantle_2018_year_7s_east,Kwinana JFC Year 7s RED,kwinana_jfc_year_7s_red
South Fremantle 2018 Year 7s EAST,south_fremantle_2018_year_7s_east,Mundijong Centrals JFC Year 7s BLUE,mundijong_centrals_jfc_year_7s_blue
South Fremantle 2018 Year 7s EAST,south_fremantle_2018_year_7s_east,Mundijong Centrals JFC Year 7s RED,mundijong_centrals_jfc_year_7s_red
South Fremantle 2018 Year 7s EAST,south_fremantle_2018_year_7s_east,Roleystone JFC Year 7s WHITE,roleystone_jfc_year_7s_white
South Fremantle 2018 Year 7s EAST,south_fremantle_2018_year_7s_east,South Coogee JFC Year 7s BLUE,south_coogee_jfc_year_7s_blue
South Fremantle 2018 Year 7s WEST,south_fremantle_2018_year_7s_west,Armadale JFC Year 7s RED,armadale_jfc_year_7s_red
South Fremantle 2018 Year 7s WEST,south_fremantle_2018_year_7s_west,Armadale JFC Year 7s WHITE,armadale_jfc_year_7s_white
South Fremantle 2018 Year 7s WEST,south_fremantle_2018_year_7s_west,Fremantle City Dockers JFC Year 7s WHITE,fremantle_city_dockers_jfc_year_7s_white
South Fremantle 2018 Year 7s WEST,south_fremantle_2018_year_7s_west,Hammond Park JFC Year 7s WHITE,hammond_park_jfc_year_7s_white
South Fremantle 2018 Year 7s WEST,south_fremantle_2018_year_7s_west,Jandakot Jets JFC Year 7s RED,jandakot_jets_jfc_year_7s_red
South Fremantle 2018 Year 7s WEST,south_fremantle_2018_year_7s_west,Kardinya JFC Year 7s WHITE,kardinya_jfc_year_7s_white
South Fremantle 2018 Year 7s WEST,south_fremantle_2018_year_7s_west,Mundijong Centrals JFC Year 7s WHITE,mundijong_centrals_jfc_year_7s_white
South Fremantle 2018 Year 7s WEST,south_fremantle_2018_year_7s_west,South Coogee JFC Year 7s RED,south_coogee_jfc_year_7s_red
South Fremantle 2018 Year 7s WEST,south_fremantle_2018_year_7s_west,South Coogee JFC Year 7s WHITE,south_coogee_jfc_year_7s_white